month_number,segment_type,segment_value,is_top10,active_loans,total_principal_outstanding,avg_on_time_rate,median_on_time_rate,pct_delinquent,pct_high_risk,deteriorating_count,deteriorating_pct
1,loan_type,auto,,11357,922875678,0.9845,1.0,0.0155,0.0155,0,0.0
1,loan_type,credit_line,,80719,6575219589,0.9816,1.0,0.0184,0.0184,0,0.0
1,loan_type,home_equity,,75811,6174593440,0.9822,1.0,0.0178,0.0178,0,0.0
1,loan_type,personal,,230,18403419,0.9826,1.0,0.0174,0.0174,0,0.0
1,loan_type,small_business,,13592,1111628822,0.9818,1.0,0.0182,0.0182,0,0.0
1,loan_type,student,,337,27737229,0.9792,1.0,0.0208,0.0208,0,0.0
1,loan_type,unknown,,1550,125807061,0.9794,1.0,0.0206,0.0206,0,0.0
2,loan_type,auto,,11338,921244860,0.952,1.0,0.0876,0.0876,822,0.0725
2,loan_type,credit_line,,80595,6565130769,0.9515,1.0,0.0868,0.0868,5564,0.069
2,loan_type,home_equity,,75712,6166389327,0.9519,1.0,0.0862,0.0862,5215,0.0689
2,loan_type,personal,,229,18334875,0.952,1.0,0.0786,0.0786,14,0.0611
2,loan_type,small_business,,13570,1109826039,0.9522,1.0,0.0857,0.0857,927,0.0683
2,loan_type,student,,337,27737229,0.951,1.0,0.0861,0.0861,22,0.0653
2,loan_type,unknown,,1549,125704639,0.9506,1.0,0.0884,0.0884,105,0.0678
3,loan_type,auto,,10595,860622757,0.9448,1.0,0.125,0.0405,1023,0.0966
3,loan_type,credit_line,,75114,6117448278,0.9466,1.0,0.1211,0.039,7060,0.094
3,loan_type,home_equity,,70621,5752468602,0.9465,1.0,0.1213,0.0391,6674,0.0945
3,loan_type,personal,,211,16841014,0.9479,1.0,0.109,0.0474,20,0.0948
3,loan_type,small_business,,12621,1032685265,0.9479,1.0,0.1171,0.0393,1162,0.0921
3,loan_type,student,,321,26438561,0.9502,1.0,0.1184,0.0312,26,0.081
3,loan_type,unknown,,1436,116872657,0.9499,1.0,0.1177,0.0327,120,0.0836
4,loan_type,auto,,5587,454328605,0.9728,1.0,0.0754,0.0333,303,0.0542
4,loan_type,credit_line,,39716,3235446894,0.9727,1.0,0.0776,0.0318,2210,0.0556
4,loan_type,home_equity,,37332,3040643530,0.9738,1.0,0.0749,0.0297,1993,0.0534
4,loan_type,personal,,106,8211511,0.9623,1.0,0.1038,0.0472,8,0.0755
4,loan_type,small_business,,6736,551624584,0.9748,1.0,0.0693,0.0316,346,0.0514
4,loan_type,student,,181,14972097,0.9765,1.0,0.0663,0.0276,8,0.0442
4,loan_type,unknown,,765,61742154,0.9745,1.0,0.0745,0.0275,39,0.051
5,loan_type,auto,,665,53577506,0.9952,1.0,0.0195,0.0,7,0.0105
5,loan_type,credit_line,,5070,413979301,0.9924,1.0,0.0262,0.0,98,0.0193
5,loan_type,home_equity,,4889,398671840,0.9934,1.0,0.0237,0.0,75,0.0153
5,loan_type,personal,,12,791927,1.0,1.0,0.0,0.0,0,0.0
5,loan_type,small_business,,848,68995851,0.996,1.0,0.0153,0.0,7,0.0083
5,loan_type,student,,15,1342022,1.0,1.0,0.0,0.0,0,0.0
5,loan_type,unknown,,100,7998790,0.992,1.0,0.02,0.0,2,0.02
6,loan_type,auto,,12,764050,1.0,1.0,0.0,0.0,0,0.0
6,loan_type,credit_line,,89,7242718,0.9963,1.0,0.0112,0.0,1,0.0112
6,loan_type,home_equity,,106,9018262,0.9969,1.0,0.0094,0.0,1,0.0094
6,loan_type,small_business,,16,1354291,1.0,1.0,0.0,0.0,0,0.0
6,loan_type,unknown,,3,248935,1.0,1.0,0.0,0.0,0,0.0
7,loan_type,credit_line,,3,228544,1.0,1.0,0.0,0.0,0,0.0
1,state,AK,0.0,3029,247137220,0.9789,1.0,0.0211,0.0211,0,0.0
1,state,AL,1.0,3094,250884028,0.9793,1.0,0.0207,0.0207,0,0.0
1,state,AR,0.0,3002,246110788,0.9873,1.0,0.0127,0.0127,0,0.0
1,state,AS,0.0,2871,233329180,0.9805,1.0,0.0195,0.0195,0,0.0
1,state,AZ,1.0,3042,246875899,0.9849,1.0,0.0151,0.0151,0,0.0
1,state,Ak,0.0,85,6889958,0.9647,1.0,0.0353,0.0353,0,0.0
1,state,Al,0.0,83,6763632,0.9759,1.0,0.0241,0.0241,0,0.0
1,state,Ar,0.0,77,6305815,0.9481,1.0,0.0519,0.0519,0,0.0
1,state,As,0.0,69,5619761,1.0,1.0,0.0,0.0,0,0.0
1,state,Az,0.0,48,3919723,0.9583,1.0,0.0417,0.0417,0,0.0
1,state,CA,0.0,2879,237647701,0.9837,1.0,0.0163,0.0163,0,0.0
1,state,CO,1.0,3047,245393488,0.9806,1.0,0.0194,0.0194,0,0.0
1,state,CT,0.0,2996,244303702,0.982,1.0,0.018,0.018,0,0.0
1,state,Ca,0.0,67,5539903,0.9403,1.0,0.0597,0.0597,0,0.0
1,state,Co,0.0,61,5013938,1.0,1.0,0.0,0.0,0,0.0
1,state,Ct,0.0,98,7887440,0.9898,1.0,0.0102,0.0102,0,0.0
1,state,DC,0.0,2781,227750070,0.9817,1.0,0.0183,0.0183,0,0.0
1,state,DE,0.0,2904,233670901,0.9835,1.0,0.0165,0.0165,0,0.0
1,state,Dc,0.0,62,4380242,1.0,1.0,0.0,0.0,0,0.0
1,state,De,0.0,46,3803951,1.0,1.0,0.0,0.0,0,0.0
1,state,FL,0.0,2929,240424578,0.984,1.0,0.016,0.016,0,0.0
1,state,FM,0.0,2853,230233981,0.9828,1.0,0.0172,0.0172,0,0.0
1,state,Fl,0.0,81,6505420,1.0,1.0,0.0,0.0,0,0.0
1,state,Fm,0.0,52,4007970,1.0,1.0,0.0,0.0,0,0.0
1,state,GA,0.0,3021,244945739,0.9791,1.0,0.0209,0.0209,0,0.0
1,state,GU,1.0,3127,254198042,0.9843,1.0,0.0157,0.0157,0,0.0
1,state,Ga,0.0,54,4381842,1.0,1.0,0.0,0.0,0,0.0
1,state,Gu,0.0,51,4050993,0.9412,1.0,0.0588,0.0588,0,0.0
1,state,HI,0.0,2928,238741248,0.9826,1.0,0.0174,0.0174,0,0.0
1,state,Hi,0.0,72,5971431,1.0,1.0,0.0,0.0,0,0.0
1,state,IA,0.0,2966,242239522,0.9825,1.0,0.0175,0.0175,0,0.0
1,state,ID,0.0,2965,241437599,0.9825,1.0,0.0175,0.0175,0,0.0
1,state,IL,0.0,2797,229884458,0.9857,1.0,0.0143,0.0143,0,0.0
1,state,IN,0.0,2931,238335804,0.985,1.0,0.015,0.015,0,0.0
1,state,Ia,0.0,46,3286070,0.9783,1.0,0.0217,0.0217,0,0.0
1,state,Id,0.0,49,4173253,0.9796,1.0,0.0204,0.0204,0,0.0
1,state,Il,0.0,66,5417973,0.9697,1.0,0.0303,0.0303,0,0.0
1,state,In,0.0,58,4803955,0.9655,1.0,0.0345,0.0345,0,0.0
1,state,KS,1.0,3077,250230413,0.9834,1.0,0.0166,0.0166,0,0.0
1,state,KY,0.0,2926,236697166,0.9826,1.0,0.0174,0.0174,0,0.0
1,state,Ks,0.0,81,6662920,0.9506,1.0,0.0494,0.0494,0,0.0
1,state,Ky,0.0,52,4192662,0.9615,1.0,0.0385,0.0385,0,0.0
1,state,LA,0.0,3031,247202435,0.9782,1.0,0.0218,0.0218,0,0.0
1,state,La,0.0,40,3089386,0.975,1.0,0.025,0.025,0,0.0
1,state,MA,1.0,3039,246667231,0.9783,1.0,0.0217,0.0217,0,0.0
1,state,MD,1.0,3106,252267077,0.9836,1.0,0.0164,0.0164,0,0.0
1,state,ME,0.0,2916,237771859,0.9822,1.0,0.0178,0.0178,0,0.0
1,state,MH,0.0,2992,243593975,0.9809,1.0,0.0191,0.0191,0,0.0
1,state,MI,0.0,2862,234296745,0.9843,1.0,0.0157,0.0157,0,0.0
1,state,MN,0.0,3039,247707186,0.9803,1.0,0.0197,0.0197,0,0.0
1,state,MO,0.0,2732,222357158,0.978,1.0,0.022,0.022,0,0.0
1,state,MP,0.0,2886,234802024,0.9848,1.0,0.0152,0.0152,0,0.0
1,state,MS,0.0,3001,244204589,0.9827,1.0,0.0173,0.0173,0,0.0
1,state,MT,0.0,2736,224104685,0.9825,1.0,0.0175,0.0175,0,0.0
1,state,Ma,0.0,105,8203559,0.981,1.0,0.019,0.019,0,0.0
1,state,Md,0.0,80,6476824,1.0,1.0,0.0,0.0,0,0.0
1,state,Me,0.0,65,5072971,0.9846,1.0,0.0154,0.0154,0,0.0
1,state,Mh,0.0,38,3002932,1.0,1.0,0.0,0.0,0,0.0
1,state,Mi,0.0,32,2442615,0.9688,1.0,0.0312,0.0312,0,0.0
1,state,Mn,0.0,71,5861632,0.9859,1.0,0.0141,0.0141,0,0.0
1,state,Mo,0.0,88,7123463,0.9659,1.0,0.0341,0.0341,0,0.0
1,state,Mp,0.0,55,4444323,0.9636,1.0,0.0364,0.0364,0,0.0
1,state,Ms,0.0,74,5634111,0.9865,1.0,0.0135,0.0135,0,0.0
1,state,Mt,0.0,67,5432956,0.9851,1.0,0.0149,0.0149,0,0.0
1,state,NC,0.0,3010,244542527,0.9814,1.0,0.0186,0.0186,0,0.0
1,state,ND,0.0,2787,227810382,0.9824,1.0,0.0176,0.0176,0,0.0
1,state,NE,0.0,2953,239858953,0.9817,1.0,0.0183,0.0183,0,0.0
1,state,NH,0.0,2930,239281572,0.9857,1.0,0.0143,0.0143,0,0.0
1,state,NJ,0.0,3022,246297779,0.9818,1.0,0.0182,0.0182,0,0.0
1,state,NM,0.0,2865,232304021,0.9829,1.0,0.0171,0.0171,0,0.0
1,state,NV,1.0,3154,256595800,0.9857,1.0,0.0143,0.0143,0,0.0
1,state,NY,0.0,2801,228273665,0.9782,1.0,0.0218,0.0218,0,0.0
1,state,Nc,0.0,79,6533968,1.0,1.0,0.0,0.0,0,0.0
1,state,Nd,0.0,64,5217746,1.0,1.0,0.0,0.0,0,0.0
1,state,Ne,0.0,48,3768257,1.0,1.0,0.0,0.0,0,0.0
1,state,Nh,0.0,44,3834157,0.9773,1.0,0.0227,0.0227,0,0.0
1,state,Nj,0.0,67,5629754,0.9851,1.0,0.0149,0.0149,0,0.0
1,state,Nm,0.0,63,5161886,0.9683,1.0,0.0317,0.0317,0,0.0
1,state,Nv,0.0,64,5238043,1.0,1.0,0.0,0.0,0,0.0
1,state,Ny,0.0,58,5017364,0.9655,1.0,0.0345,0.0345,0,0.0
1,state,OH,0.0,2933,240168579,0.987,1.0,0.013,0.013,0,0.0
1,state,OK,1.0,3143,256573808,0.9828,1.0,0.0172,0.0172,0,0.0
1,state,OR,0.0,2903,235672335,0.9845,1.0,0.0155,0.0155,0,0.0
1,state,Oh,0.0,66,5396921,0.9697,1.0,0.0303,0.0303,0,0.0
1,state,Ok,0.0,40,2922220,0.925,1.0,0.075,0.075,0,0.0
1,state,Or,0.0,50,3870778,1.0,1.0,0.0,0.0,0,0.0
1,state,PA,0.0,2729,221509375,0.9809,1.0,0.0191,0.0191,0,0.0
1,state,PR,0.0,3024,246175008,0.9805,1.0,0.0195,0.0195,0,0.0
1,state,PW,0.0,3043,247967383,0.98,1.0,0.02,0.02,0,0.0
1,state,Pa,0.0,74,6163366,0.9865,1.0,0.0135,0.0135,0,0.0
1,state,Pr,0.0,60,4880496,1.0,1.0,0.0,0.0,0,0.0
1,state,Pw,0.0,54,4659813,1.0,1.0,0.0,0.0,0,0.0
1,state,RI,0.0,2948,239930525,0.982,1.0,0.018,0.018,0,0.0
1,state,Ri,0.0,72,5429754,0.9722,1.0,0.0278,0.0278,0,0.0
1,state,SC,0.0,2918,238643703,0.9798,1.0,0.0202,0.0202,0,0.0
1,state,SD,0.0,2951,241126692,0.9814,1.0,0.0186,0.0186,0,0.0
1,state,Sc,0.0,48,3856573,0.9792,1.0,0.0208,0.0208,0,0.0
1,state,Sd,0.0,60,5026972,0.9833,1.0,0.0167,0.0167,0,0.0
1,state,TN,0.0,2905,237430320,0.9835,1.0,0.0165,0.0165,0,0.0
1,state,TX,0.0,2946,240723119,0.9796,1.0,0.0204,0.0204,0,0.0
1,state,Tn,0.0,86,7022574,0.9884,1.0,0.0116,0.0116,0,0.0
1,state,Tx,0.0,54,4326881,0.9815,1.0,0.0185,0.0185,0,0.0
1,state,UT,0.0,2880,236402601,0.9823,1.0,0.0177,0.0177,0,0.0
1,state,Unknown,0.0,2340,191845071,0.985,1.0,0.015,0.015,0,0.0
1,state,Ut,0.0,84,6802503,1.0,1.0,0.0,0.0,0,0.0
1,state,VA,0.0,2811,230116406,0.9794,1.0,0.0206,0.0206,0,0.0
1,state,VI,0.0,2998,244097530,0.9797,1.0,0.0203,0.0203,0,0.0
1,state,VT,0.0,2800,229527213,0.9807,1.0,0.0193,0.0193,0,0.0
1,state,Va,0.0,75,6255710,1.0,1.0,0.0,0.0,0,0.0
1,state,Vi,0.0,71,5657151,0.9859,1.0,0.0141,0.0141,0,0.0
1,state,Vt,0.0,40,3133654,1.0,1.0,0.0,0.0,0,0.0
1,state,WA,0.0,3012,244607672,0.9817,1.0,0.0183,0.0183,0,0.0
1,state,WI,1.0,3152,256694845,0.9835,1.0,0.0165,0.0165,0,0.0
1,state,WV,0.0,2871,233681477,0.9774,1.0,0.0226,0.0226,0,0.0
1,state,WY,0.0,3025,244679623,0.9802,1.0,0.0198,0.0198,0,0.0
1,state,Wa,0.0,45,3836617,0.9778,1.0,0.0222,0.0222,0,0.0
1,state,Wi,0.0,61,5203761,1.0,1.0,0.0,0.0,0,0.0
1,state,Wv,0.0,66,5307083,0.9848,1.0,0.0152,0.0152,0,0.0
1,state,Wy,0.0,44,3542834,1.0,1.0,0.0,0.0,0,0.0
1,state,ak,0.0,33,2608762,1.0,1.0,0.0,0.0,0,0.0
1,state,al,0.0,46,3655332,0.9783,1.0,0.0217,0.0217,0,0.0
1,state,ar,0.0,58,5035379,1.0,1.0,0.0,0.0,0,0.0
1,state,as,0.0,33,2503920,0.9394,1.0,0.0606,0.0606,0,0.0
1,state,az,0.0,62,4949003,1.0,1.0,0.0,0.0,0,0.0
1,state,ca,0.0,60,5094644,1.0,1.0,0.0,0.0,0,0.0
1,state,co,0.0,51,4313629,0.9804,1.0,0.0196,0.0196,0,0.0
1,state,ct,0.0,44,3566837,1.0,1.0,0.0,0.0,0,0.0
1,state,dc,0.0,62,4862248,0.9839,1.0,0.0161,0.0161,0,0.0
1,state,de,0.0,37,3121541,0.973,1.0,0.027,0.027,0,0.0
1,state,fl,0.0,57,4373628,0.9298,1.0,0.0702,0.0702,0,0.0
1,state,fm,0.0,55,4606124,0.9636,1.0,0.0364,0.0364,0,0.0
1,state,ga,0.0,70,5744032,0.9714,1.0,0.0286,0.0286,0,0.0
1,state,gu,0.0,80,6364019,1.0,1.0,0.0,0.0,0,0.0
1,state,hi,0.0,73,5785799,0.9589,1.0,0.0411,0.0411,0,0.0
1,state,ia,0.0,72,6057052,0.9583,1.0,0.0417,0.0417,0,0.0
1,state,id,0.0,59,4823342,0.9831,1.0,0.0169,0.0169,0,0.0
1,state,il,0.0,93,7588095,0.9892,1.0,0.0108,0.0108,0,0.0
1,state,in,0.0,92,7268396,0.9891,1.0,0.0109,0.0109,0,0.0
1,state,ks,0.0,36,2699093,1.0,1.0,0.0,0.0,0,0.0
1,state,ky,0.0,49,4296184,0.9796,1.0,0.0204,0.0204,0,0.0
1,state,la,0.0,47,3613022,0.9787,1.0,0.0213,0.0213,0,0.0
1,state,ma,0.0,80,6968272,0.975,1.0,0.025,0.025,0,0.0
1,state,md,0.0,52,4167145,1.0,1.0,0.0,0.0,0,0.0
1,state,me,0.0,79,6535405,1.0,1.0,0.0,0.0,0,0.0
1,state,mh,0.0,50,4187272,0.98,1.0,0.02,0.02,0,0.0
1,state,mi,0.0,59,4474316,0.9661,1.0,0.0339,0.0339,0,0.0
1,state,mn,0.0,57,4715269,1.0,1.0,0.0,0.0,0,0.0
1,state,mo,0.0,85,6884128,0.9647,1.0,0.0353,0.0353,0,0.0
1,state,mp,0.0,50,3969383,0.96,1.0,0.04,0.04,0,0.0
1,state,ms,0.0,43,3305344,1.0,1.0,0.0,0.0,0,0.0
1,state,mt,0.0,75,6157596,0.9867,1.0,0.0133,0.0133,0,0.0
1,state,nc,0.0,32,2612498,1.0,1.0,0.0,0.0,0,0.0
1,state,nd,0.0,50,4050725,0.98,1.0,0.02,0.02,0,0.0
1,state,ne,0.0,58,4663624,0.9828,1.0,0.0172,0.0172,0,0.0
1,state,nh,0.0,89,7439205,0.9663,1.0,0.0337,0.0337,0,0.0
1,state,nj,0.0,66,5501510,0.9848,1.0,0.0152,0.0152,0,0.0
1,state,nm,0.0,77,6653439,0.961,1.0,0.039,0.039,0,0.0
1,state,nv,0.0,43,3505017,0.9302,1.0,0.0698,0.0698,0,0.0
1,state,ny,0.0,63,5136406,1.0,1.0,0.0,0.0,0,0.0
1,state,oh,0.0,41,3417571,0.9512,1.0,0.0488,0.0488,0,0.0
1,state,ok,0.0,63,4998262,0.9841,1.0,0.0159,0.0159,0,0.0
1,state,or,0.0,93,7915683,0.9677,1.0,0.0323,0.0323,0,0.0
1,state,pa,0.0,69,6022565,0.9275,1.0,0.0725,0.0725,0,0.0
1,state,pr,0.0,59,4611762,1.0,1.0,0.0,0.0,0,0.0
1,state,pw,0.0,41,3304534,0.9756,1.0,0.0244,0.0244,0,0.0
1,state,ri,0.0,93,7695003,0.9892,1.0,0.0108,0.0108,0,0.0
1,state,sc,0.0,68,5691772,1.0,1.0,0.0,0.0,0,0.0
1,state,sd,0.0,37,3162493,0.973,1.0,0.027,0.027,0,0.0
1,state,tn,0.0,51,4056270,1.0,1.0,0.0,0.0,0,0.0
1,state,tx,0.0,68,5538793,0.9853,1.0,0.0147,0.0147,0,0.0
1,state,ut,0.0,81,6795902,0.963,1.0,0.037,0.037,0,0.0
1,state,va,0.0,49,4015961,1.0,1.0,0.0,0.0,0,0.0
1,state,vi,0.0,66,5338186,0.9394,1.0,0.0606,0.0606,0,0.0
1,state,vt,0.0,55,4348178,1.0,1.0,0.0,0.0,0,0.0
1,state,wa,0.0,48,3836347,1.0,1.0,0.0,0.0,0,0.0
1,state,wi,0.0,62,5005493,1.0,1.0,0.0,0.0,0,0.0
1,state,wv,0.0,71,5693794,1.0,1.0,0.0,0.0,0,0.0
1,state,wy,0.0,35,2915102,1.0,1.0,0.0,0.0,0,0.0
2,state,AK,0.0,3023,246677169,0.9502,1.0,0.0903,0.0903,212,0.0701
2,state,AL,1.0,3090,250559186,0.95,1.0,0.0877,0.0877,210,0.068
2,state,AR,0.0,2994,245458825,0.9546,1.0,0.0865,0.0865,226,0.0755
2,state,AS,0.0,2866,232904605,0.9491,1.0,0.0907,0.0907,206,0.0719
2,state,AZ,1.0,3037,246528774,0.9526,1.0,0.0873,0.0873,221,0.0728
2,state,Ak,0.0,84,6830200,0.9524,1.0,0.0952,0.0952,6,0.0714
2,state,Al,0.0,83,6763632,0.9518,1.0,0.0843,0.0843,5,0.0602
2,state,Ar,0.0,77,6305815,0.9221,1.0,0.1299,0.1299,6,0.0779
2,state,As,0.0,69,5619761,0.971,1.0,0.058,0.058,4,0.058
2,state,Az,0.0,48,3919723,0.9167,1.0,0.1458,0.1458,5,0.1042
2,state,CA,0.0,2875,237317471,0.9529,1.0,0.087,0.087,204,0.071
2,state,CO,1.0,3041,244868396,0.9564,1.0,0.0769,0.0769,177,0.0582
2,state,CT,0.0,2992,243942076,0.9535,1.0,0.0836,0.0836,196,0.0655
2,state,Ca,0.0,67,5539903,0.9104,1.0,0.1493,0.1493,6,0.0896
2,state,Co,0.0,61,5013938,0.9508,1.0,0.0984,0.0984,6,0.0984
2,state,Ct,0.0,98,7887440,0.949,1.0,0.102,0.102,9,0.0918
2,state,DC,0.0,2776,227347688,0.9483,1.0,0.0937,0.0937,211,0.076
2,state,DE,0.0,2901,233426391,0.9502,1.0,0.0889,0.0889,212,0.0731
2,state,Dc,0.0,62,4380242,0.9274,1.0,0.1452,0.1452,9,0.1452
2,state,De,0.0,46,3803951,0.9891,1.0,0.0217,0.0217,1,0.0217
2,state,FL,0.0,2925,240047049,0.9574,1.0,0.0779,0.0779,183,0.0626
2,state,FM,0.0,2847,229694642,0.9521,1.0,0.0857,0.0857,195,0.0685
2,state,Fl,0.0,81,6505420,0.9383,1.0,0.1235,0.1235,10,0.1235
2,state,Fm,0.0,52,4007970,0.9712,1.0,0.0577,0.0577,3,0.0577
2,state,GA,0.0,3018,244757449,0.9443,1.0,0.0974,0.0974,232,0.0769
2,state,GU,1.0,3121,253655069,0.9519,1.0,0.0872,0.0872,225,0.0721
2,state,Ga,0.0,54,4381842,0.9722,1.0,0.0556,0.0556,3,0.0556
2,state,Gu,0.0,50,3954971,0.95,1.0,0.1,0.1,3,0.06
2,state,HI,0.0,2922,238196145,0.9493,1.0,0.0893,0.0893,212,0.0726
2,state,Hi,0.0,72,5971431,0.9722,1.0,0.0556,0.0556,4,0.0556
2,state,IA,0.0,2954,241322456,0.9526,1.0,0.086,0.086,209,0.0708
2,state,ID,0.0,2962,241216947,0.9519,1.0,0.0874,0.0874,208,0.0702
2,state,IL,0.0,2794,229584039,0.9542,1.0,0.0855,0.0855,199,0.0712
2,state,IN,0.0,2929,238138126,0.9553,1.0,0.0819,0.0819,196,0.0669
2,state,Ia,0.0,46,3286070,0.9674,1.0,0.0652,0.0652,2,0.0435
2,state,Id,0.0,49,4173253,0.949,1.0,0.102,0.102,4,0.0816
2,state,Il,0.0,66,5417973,0.9318,1.0,0.1212,0.1212,6,0.0909
2,state,In,0.0,58,4803955,0.9052,1.0,0.1552,0.1552,7,0.1207
2,state,KS,1.0,3074,249976494,0.9543,1.0,0.0833,0.0833,206,0.067
2,state,KY,0.0,2925,236616689,0.9509,1.0,0.0896,0.0896,212,0.0725
2,state,Ks,0.0,81,6662920,0.9198,1.0,0.1235,0.1235,6,0.0741
2,state,Ky,0.0,52,4192662,0.9423,1.0,0.0962,0.0962,3,0.0577
2,state,LA,0.0,3026,246785970,0.9442,1.0,0.0998,0.0998,237,0.0783
2,state,La,0.0,39,3002392,0.9872,1.0,0.0256,0.0256,1,0.0256
2,state,MA,1.0,3034,246208859,0.945,1.0,0.0962,0.0962,226,0.0745
2,state,MD,1.0,3099,251651349,0.9514,1.0,0.0874,0.0874,220,0.071
2,state,ME,0.0,2911,237297892,0.9493,1.0,0.0907,0.0907,213,0.0732
2,state,MH,0.0,2989,243340264,0.9496,1.0,0.0907,0.0907,215,0.0719
2,state,MI,0.0,2858,233949341,0.9561,1.0,0.0787,0.0787,182,0.0637
2,state,MN,0.0,3035,247366099,0.9504,1.0,0.087,0.087,206,0.0679
2,state,MO,0.0,2731,222284409,0.9471,1.0,0.093,0.093,195,0.0714
2,state,MP,0.0,2882,234435040,0.9563,1.0,0.0802,0.0802,187,0.0649
2,state,MS,0.0,2996,243853465,0.9518,1.0,0.0874,0.0874,211,0.0704
2,state,MT,0.0,2732,223823481,0.9482,1.0,0.0908,0.0908,203,0.0743
2,state,Ma,0.0,104,8119863,0.9712,1.0,0.0481,0.0481,3,0.0288
2,state,Md,0.0,80,6476824,0.9812,1.0,0.0375,0.0375,3,0.0375
2,state,Me,0.0,65,5072971,0.9385,1.0,0.1231,0.1231,7,0.1077
2,state,Mh,0.0,38,3002932,0.9474,1.0,0.1053,0.1053,4,0.1053
2,state,Mi,0.0,32,2442615,0.9219,1.0,0.125,0.125,3,0.0938
2,state,Mn,0.0,71,5861632,0.9577,1.0,0.0704,0.0704,4,0.0563
2,state,Mo,0.0,88,7123463,0.9148,1.0,0.1477,0.1477,10,0.1136
2,state,Mp,0.0,55,4444323,0.9636,1.0,0.0727,0.0727,2,0.0364
2,state,Ms,0.0,74,5634111,0.9595,1.0,0.0676,0.0676,4,0.0541
2,state,Mt,0.0,66,5347532,0.9697,1.0,0.0455,0.0455,2,0.0303
2,state,NC,0.0,3005,244118749,0.9519,1.0,0.0865,0.0865,206,0.0686
2,state,ND,0.0,2777,226998705,0.9553,1.0,0.081,0.081,178,0.0641
2,state,NE,0.0,2950,239636008,0.9522,1.0,0.0841,0.0841,194,0.0658
2,state,NH,0.0,2930,239281572,0.9527,1.0,0.0863,0.0863,211,0.072
2,state,NJ,0.0,3018,245977659,0.9548,1.0,0.0789,0.0789,185,0.0613
2,state,NM,0.0,2863,232140636,0.9504,1.0,0.0905,0.0905,211,0.0737
2,state,NV,1.0,3150,256317938,0.9517,1.0,0.0908,0.0908,241,0.0765
2,state,NY,0.0,2794,227692735,0.9513,1.0,0.0838,0.0838,175,0.0626
2,state,Nc,0.0,79,6533968,0.9747,1.0,0.0506,0.0506,4,0.0506
2,state,Nd,0.0,64,5217746,0.9609,1.0,0.0781,0.0781,5,0.0781
2,state,Ne,0.0,48,3768257,0.9792,1.0,0.0417,0.0417,2,0.0417
2,state,Nh,0.0,44,3834157,0.9545,1.0,0.0682,0.0682,2,0.0455
2,state,Nj,0.0,67,5629754,0.9328,1.0,0.1343,0.1343,8,0.1194
2,state,Nm,0.0,63,5161886,0.9365,1.0,0.0952,0.0952,4,0.0635
2,state,Nv,0.0,64,5238043,0.9688,1.0,0.0625,0.0625,4,0.0625
2,state,Ny,0.0,58,5017364,0.9569,1.0,0.069,0.069,2,0.0345
2,state,OH,0.0,2928,239778104,0.9573,1.0,0.0768,0.0768,188,0.0642
2,state,OK,1.0,3138,256225932,0.9527,1.0,0.0848,0.0848,215,0.0685
2,state,OR,0.0,2900,235415709,0.9602,1.0,0.0741,0.0741,173,0.0597
2,state,Oh,0.0,66,5396921,0.9545,1.0,0.0909,0.0909,4,0.0606
2,state,Ok,0.0,40,2922220,0.9125,1.0,0.125,0.125,2,0.05
2,state,Or,0.0,50,3870778,0.97,1.0,0.06,0.06,3,0.06
2,state,PA,0.0,2727,221319992,0.9465,1.0,0.0946,0.0946,206,0.0755
2,state,PR,0.0,3021,245956218,0.9528,1.0,0.0828,0.0828,194,0.0642
2,state,PW,0.0,3040,247677025,0.951,1.0,0.0885,0.0885,208,0.0684
2,state,Pa,0.0,74,6163366,0.9527,1.0,0.0811,0.0811,5,0.0676
2,state,Pr,0.0,60,4880496,0.9667,1.0,0.0667,0.0667,4,0.0667
2,state,Pw,0.0,54,4659813,0.9815,1.0,0.037,0.037,2,0.037
2,state,RI,0.0,2942,239436676,0.9511,1.0,0.0877,0.0877,208,0.0707
2,state,Ri,0.0,71,5392545,0.9507,1.0,0.0845,0.0845,5,0.0704
2,state,SC,0.0,2913,238258241,0.9466,1.0,0.0947,0.0947,221,0.0759
2,state,SD,0.0,2947,240826999,0.9535,1.0,0.0835,0.0835,194,0.0658
2,state,Sc,0.0,48,3856573,0.9583,1.0,0.0625,0.0625,2,0.0417
2,state,Sd,0.0,60,5026972,0.9167,1.0,0.1667,0.1667,9,0.15
2,state,TN,0.0,2903,237283513,0.9566,1.0,0.0772,0.0772,176,0.0606
2,state,TX,0.0,2941,240304947,0.9488,1.0,0.0911,0.0911,211,0.0717
2,state,Tn,0.0,86,7022574,0.936,1.0,0.1163,0.1163,9,0.1047
2,state,Tx,0.0,54,4326881,0.9537,1.0,0.0926,0.0926,4,0.0741
2,state,UT,0.0,2878,236208019,0.9521,1.0,0.0837,0.0837,190,0.066
2,state,Unknown,0.0,2339,191778930,0.9551,1.0,0.0812,0.0812,156,0.0667
2,state,Ut,0.0,84,6802503,0.9583,1.0,0.0833,0.0833,7,0.0833
2,state,VA,0.0,2806,229727956,0.9499,1.0,0.0884,0.0884,191,0.0681
2,state,VI,0.0,2995,243821266,0.9503,1.0,0.0895,0.0895,209,0.0698
2,state,VT,0.0,2799,229428706,0.9505,1.0,0.0893,0.0893,196,0.07
2,state,Va,0.0,75,6255710,0.94,1.0,0.12,0.12,9,0.12
2,state,Vi,0.0,71,5657151,0.9859,1.0,0.0282,0.0282,1,0.0141
2,state,Vt,0.0,40,3133654,0.9625,1.0,0.075,0.075,3,0.075
2,state,WA,0.0,3007,244192274,0.9543,1.0,0.0808,0.0808,191,0.0635
2,state,WI,1.0,3142,255864210,0.9527,1.0,0.0853,0.0853,218,0.0694
2,state,WV,0.0,2871,233681477,0.9486,1.0,0.0885,0.0885,189,0.0658
2,state,WY,0.0,3019,244215218,0.9492,1.0,0.0904,0.0904,217,0.0719
2,state,Wa,0.0,45,3836617,0.9667,1.0,0.0667,0.0667,2,0.0444
2,state,Wi,0.0,61,5203761,0.959,1.0,0.082,0.082,5,0.082
2,state,Wv,0.0,66,5307083,0.947,1.0,0.1061,0.1061,6,0.0909
2,state,Wy,0.0,43,3456444,0.9302,1.0,0.1395,0.1395,6,0.1395
2,state,ak,0.0,33,2608762,0.9697,1.0,0.0606,0.0606,2,0.0606
2,state,al,0.0,46,3655332,0.9348,1.0,0.1087,0.1087,4,0.087
2,state,ar,0.0,58,5035379,0.9655,1.0,0.069,0.069,4,0.069
2,state,as,0.0,33,2503920,0.9394,1.0,0.0909,0.0909,1,0.0303
2,state,az,0.0,62,4949003,0.9758,1.0,0.0484,0.0484,3,0.0484
2,state,ca,0.0,60,5094644,0.975,1.0,0.05,0.05,3,0.05
2,state,co,0.0,51,4313629,0.9706,1.0,0.0588,0.0588,2,0.0392
2,state,ct,0.0,44,3566837,0.9773,1.0,0.0455,0.0455,2,0.0455
2,state,dc,0.0,62,4862248,0.9758,1.0,0.0323,0.0323,1,0.0161
2,state,de,0.0,37,3121541,0.9324,1.0,0.1081,0.1081,3,0.0811
2,state,fl,0.0,57,4373628,0.9035,1.0,0.1404,0.1404,4,0.0702
2,state,fm,0.0,55,4606124,0.9545,1.0,0.0727,0.0727,2,0.0364
2,state,ga,0.0,70,5744032,0.9429,1.0,0.1143,0.1143,6,0.0857
2,state,gu,0.0,80,6364019,0.9688,1.0,0.0625,0.0625,5,0.0625
2,state,hi,0.0,73,5785799,0.9247,1.0,0.1096,0.1096,5,0.0685
2,state,ia,0.0,72,6057052,0.9167,1.0,0.1389,0.1389,7,0.0972
2,state,id,0.0,59,4823342,0.9492,1.0,0.0847,0.0847,4,0.0678
2,state,il,0.0,93,7588095,0.9785,1.0,0.0323,0.0323,2,0.0215
2,state,in,0.0,92,7268396,0.9511,1.0,0.0978,0.0978,8,0.087
2,state,ks,0.0,36,2699093,0.9583,1.0,0.0833,0.0833,3,0.0833
2,state,ky,0.0,48,4207709,0.9375,1.0,0.125,0.125,5,0.1042
2,state,la,0.0,47,3613022,0.9362,1.0,0.1064,0.1064,4,0.0851
2,state,ma,0.0,80,6968272,0.9125,1.0,0.1625,0.1625,11,0.1375
2,state,md,0.0,52,4167145,0.9712,1.0,0.0577,0.0577,3,0.0577
2,state,me,0.0,79,6535405,0.9747,1.0,0.0506,0.0506,4,0.0506
2,state,mh,0.0,50,4187272,0.97,1.0,0.04,0.04,1,0.02
2,state,mi,0.0,59,4474316,0.9492,1.0,0.0847,0.0847,3,0.0508
2,state,mn,0.0,57,4715269,0.9737,1.0,0.0526,0.0526,3,0.0526
2,state,mo,0.0,85,6884128,0.9588,1.0,0.0824,0.0824,4,0.0471
2,state,mp,0.0,50,3969383,0.94,1.0,0.12,0.12,4,0.08
2,state,ms,0.0,43,3305344,0.9767,1.0,0.0465,0.0465,2,0.0465
2,state,mt,0.0,75,6157596,0.9733,1.0,0.0533,0.0533,3,0.04
2,state,nc,0.0,32,2612498,0.9531,1.0,0.0938,0.0938,3,0.0938
2,state,nd,0.0,50,4050725,0.98,1.0,0.04,0.04,1,0.02
2,state,ne,0.0,58,4663624,0.9655,1.0,0.069,0.069,3,0.0517
2,state,nh,0.0,89,7439205,0.9551,1.0,0.0787,0.0787,4,0.0449
2,state,nj,0.0,66,5501510,0.9773,1.0,0.0455,0.0455,2,0.0303
2,state,nm,0.0,77,6653439,0.9545,1.0,0.0649,0.0649,2,0.026
2,state,nv,0.0,43,3505017,0.9302,1.0,0.1163,0.1163,2,0.0465
2,state,ny,0.0,63,5136406,0.9524,1.0,0.0952,0.0952,6,0.0952
2,state,oh,0.0,40,3331247,0.925,1.0,0.1,0.1,2,0.05
2,state,ok,0.0,63,4998262,0.9683,1.0,0.0476,0.0476,2,0.0317
2,state,or,0.0,93,7915683,0.9301,1.0,0.1075,0.1075,7,0.0753
2,state,pa,0.0,69,6022565,0.913,1.0,0.1304,0.1304,4,0.058
2,state,pr,0.0,59,4611762,0.9831,1.0,0.0339,0.0339,2,0.0339
2,state,pw,0.0,41,3304534,0.9634,1.0,0.0488,0.0488,1,0.0244
2,state,ri,0.0,93,7695003,0.9731,1.0,0.043,0.043,3,0.0323
2,state,sc,0.0,68,5691772,0.9779,1.0,0.0441,0.0441,3,0.0441
2,state,sd,0.0,37,3162493,0.973,1.0,0.027,0.027,0,0.0
2,state,tn,0.0,51,4056270,0.951,1.0,0.098,0.098,5,0.098
2,state,tx,0.0,68,5538793,0.9412,1.0,0.1029,0.1029,6,0.0882
2,state,ut,0.0,81,6795902,0.9506,1.0,0.0864,0.0864,4,0.0494
2,state,va,0.0,49,4015961,0.9898,1.0,0.0204,0.0204,1,0.0204
2,state,vi,0.0,66,5338186,0.8939,1.0,0.1667,0.1667,7,0.1061
2,state,vt,0.0,55,4348178,0.9909,1.0,0.0182,0.0182,1,0.0182
2,state,wa,0.0,48,3836347,0.9583,1.0,0.0833,0.0833,4,0.0833
2,state,wi,0.0,62,5005493,0.9839,1.0,0.0323,0.0323,2,0.0323
2,state,wv,0.0,71,5693794,0.9718,1.0,0.0563,0.0563,4,0.0563
2,state,wy,0.0,35,2915102,0.9857,1.0,0.0286,0.0286,1,0.0286
3,state,AK,0.0,2800,228405036,0.949,1.0,0.1125,0.0404,248,0.0886
3,state,AL,1.0,2866,232975755,0.9491,1.0,0.1162,0.0366,250,0.0872
3,state,AR,0.0,2830,232471078,0.9408,1.0,0.1318,0.0459,300,0.106
3,state,AS,0.0,2645,215135988,0.944,1.0,0.1251,0.0427,257,0.0972
3,state,AZ,1.0,2844,231000958,0.9439,1.0,0.1297,0.0387,275,0.0967
3,state,Ak,0.0,74,6047214,0.9459,1.0,0.1351,0.027,7,0.0946
3,state,Al,0.0,78,6278180,0.9658,1.0,0.0641,0.0385,3,0.0385
3,state,Ar,0.0,68,5511567,0.9412,1.0,0.1324,0.0441,6,0.0882
3,state,As,0.0,67,5463346,0.9552,1.0,0.0746,0.0597,5,0.0746
3,state,Az,0.0,45,3660556,0.9333,1.0,0.1556,0.0444,4,0.0889
3,state,CA,0.0,2677,220684658,0.9447,1.0,0.1289,0.037,264,0.0986
3,state,CO,1.0,2848,228978104,0.9529,1.0,0.1096,0.0316,249,0.0874
3,state,CT,0.0,2785,227119507,0.95,1.0,0.1156,0.0345,247,0.0887
3,state,Ca,0.0,59,4833314,0.9492,1.0,0.1017,0.0508,4,0.0678
3,state,Co,0.0,59,4836737,0.9322,1.0,0.1356,0.0678,6,0.1017
3,state,Ct,0.0,89,7182030,0.9588,1.0,0.0899,0.0337,6,0.0674
3,state,DC,0.0,2583,211482019,0.9459,1.0,0.1208,0.0414,235,0.091
3,state,DE,0.0,2709,218230107,0.9438,1.0,0.1255,0.0432,265,0.0978
3,state,Dc,0.0,59,4133063,0.8983,1.0,0.2034,0.1017,10,0.1695
3,state,De,0.0,42,3458044,0.9762,1.0,0.0476,0.0238,2,0.0476
3,state,FL,0.0,2741,225194519,0.949,1.0,0.1116,0.0412,251,0.0916
3,state,FM,0.0,2642,213290727,0.9466,1.0,0.1185,0.0416,255,0.0965
3,state,Fl,0.0,76,6114724,0.9254,1.0,0.1974,0.0263,9,0.1184
3,state,Fm,0.0,51,3906772,0.9346,1.0,0.1569,0.0392,7,0.1373
3,state,GA,0.0,2805,227458218,0.9411,1.0,0.1273,0.0496,285,0.1016
3,state,GU,1.0,2922,237587574,0.9479,1.0,0.117,0.0394,253,0.0866
3,state,Ga,0.0,53,4301107,0.956,1.0,0.0755,0.0566,4,0.0755
3,state,Gu,0.0,45,3589643,0.9704,1.0,0.0889,0.0,3,0.0667
3,state,HI,0.0,2716,221519185,0.9454,1.0,0.1204,0.0434,263,0.0968
3,state,Hi,0.0,69,5719547,0.9469,1.0,0.1304,0.029,7,0.1014
3,state,IA,0.0,2770,226539334,0.9472,1.0,0.1184,0.0401,254,0.0917
3,state,ID,0.0,2767,225178277,0.9436,1.0,0.1272,0.0419,284,0.1026
3,state,IL,0.0,2625,216186766,0.9425,1.0,0.131,0.0415,277,0.1055
3,state,IN,0.0,2720,220691739,0.949,1.0,0.1184,0.0346,242,0.089
3,state,Ia,0.0,44,3169959,0.9621,1.0,0.1136,0.0,3,0.0682
3,state,Id,0.0,47,4043478,0.9291,1.0,0.1277,0.0851,6,0.1277
3,state,Il,0.0,56,4609523,0.9583,1.0,0.0714,0.0536,4,0.0714
3,state,In,0.0,54,4461271,0.9259,1.0,0.1481,0.0741,6,0.1111
3,state,KS,1.0,2892,235213645,0.9474,1.0,0.1183,0.0394,267,0.0923
3,state,KY,0.0,2738,221190288,0.9422,1.0,0.1329,0.0405,283,0.1034
3,state,Ks,0.0,71,5890252,0.9531,1.0,0.1127,0.0282,5,0.0704
3,state,Ky,0.0,48,3833028,0.9375,1.0,0.125,0.0625,6,0.125
3,state,LA,0.0,2796,228232596,0.9448,1.0,0.1266,0.039,261,0.0933
3,state,La,0.0,39,3002392,0.9829,1.0,0.0513,0.0,1,0.0256
3,state,MA,1.0,2822,228996799,0.9434,1.0,0.1279,0.0418,282,0.0999
3,state,MD,1.0,2872,233137872,0.9439,1.0,0.1274,0.0407,283,0.0985
3,state,ME,0.0,2695,219477718,0.9448,1.0,0.1265,0.039,262,0.0972
3,state,MH,0.0,2789,227169551,0.946,1.0,0.1241,0.038,258,0.0925
3,state,MI,0.0,2666,217926341,0.9505,1.0,0.111,0.0375,236,0.0885
3,state,MN,0.0,2819,229696145,0.9499,1.0,0.1142,0.0362,240,0.0851
3,state,MO,0.0,2548,207338836,0.9443,1.0,0.1276,0.0396,250,0.0981
3,state,MP,0.0,2689,218701602,0.9468,1.0,0.1216,0.0379,258,0.0959
3,state,MS,0.0,2790,226800493,0.9447,1.0,0.1251,0.0409,272,0.0975
3,state,MT,0.0,2548,208683294,0.9441,1.0,0.124,0.0436,254,0.0997
3,state,Ma,0.0,95,7295336,0.9333,1.0,0.1684,0.0316,16,0.1684
3,state,Md,0.0,73,5962558,0.9635,1.0,0.0959,0.0137,5,0.0685
3,state,Me,0.0,62,4888297,0.9032,1.0,0.2419,0.0484,12,0.1935
3,state,Mh,0.0,32,2479688,0.9479,1.0,0.125,0.0312,3,0.0938
3,state,Mi,0.0,31,2358040,0.914,1.0,0.1613,0.0968,5,0.1613
3,state,Mn,0.0,67,5521611,0.9502,1.0,0.1045,0.0448,6,0.0896
3,state,Mo,0.0,75,5954449,0.8889,1.0,0.2533,0.08,15,0.2
3,state,Mp,0.0,49,4026188,0.9728,1.0,0.0612,0.0204,2,0.0408
3,state,Ms,0.0,72,5482114,0.9583,1.0,0.0972,0.0278,5,0.0694
3,state,Mt,0.0,61,4915506,0.9617,1.0,0.082,0.0328,5,0.082
3,state,NC,0.0,2793,227122788,0.9447,1.0,0.1246,0.0412,282,0.101
3,state,ND,0.0,2587,211306561,0.9517,1.0,0.1075,0.0375,217,0.0839
3,state,NE,0.0,2757,223966515,0.9458,1.0,0.1262,0.0363,274,0.0994
3,state,NH,0.0,2728,222354386,0.9467,1.0,0.1202,0.0396,247,0.0905
3,state,NJ,0.0,2823,229869438,0.9505,1.0,0.113,0.0354,247,0.0875
3,state,NM,0.0,2675,216499394,0.9442,1.0,0.1282,0.0393,258,0.0964
3,state,NV,1.0,2955,240295375,0.9426,1.0,0.1269,0.0453,290,0.0981
3,state,NY,0.0,2598,211889827,0.9482,1.0,0.1209,0.0346,248,0.0955
3,state,Nc,0.0,78,6487719,0.9573,1.0,0.0897,0.0385,7,0.0897
3,state,Nd,0.0,61,4997828,0.9126,1.0,0.2459,0.0164,11,0.1803
3,state,Ne,0.0,44,3398711,0.9773,1.0,0.0682,0.0,1,0.0227
3,state,Nh,0.0,43,3761389,0.9457,1.0,0.1163,0.0465,5,0.1163
3,state,Nj,0.0,65,5466777,0.9282,1.0,0.1692,0.0462,6,0.0923
3,state,Nm,0.0,57,4648728,0.9181,1.0,0.193,0.0526,10,0.1754
3,state,Nv,0.0,64,5238043,0.9323,1.0,0.1406,0.0625,9,0.1406
3,state,Ny,0.0,55,4786910,0.9576,1.0,0.0909,0.0364,5,0.0909
3,state,OH,0.0,2749,224876768,0.9471,1.0,0.1219,0.0367,272,0.0989
3,state,OK,1.0,2915,237824547,0.9449,1.0,0.1283,0.037,294,0.1009
3,state,OR,0.0,2715,220210704,0.9493,1.0,0.1182,0.0339,254,0.0936
3,state,Oh,0.0,59,4869767,0.9322,1.0,0.1525,0.0508,8,0.1356
3,state,Ok,0.0,35,2599547,0.9714,1.0,0.0857,0.0,2,0.0571
3,state,Or,0.0,47,3640571,0.9362,1.0,0.1277,0.0638,6,0.1277
3,state,PA,0.0,2549,206990353,0.9431,1.0,0.1255,0.0451,247,0.0969
3,state,PR,0.0,2823,230205382,0.9489,1.0,0.1183,0.0351,263,0.0932
3,state,PW,0.0,2840,231842125,0.9462,1.0,0.1236,0.0377,271,0.0954
3,state,Pa,0.0,68,5696939,0.9608,1.0,0.0735,0.0441,5,0.0735
3,state,Pr,0.0,54,4373423,0.9444,1.0,0.1111,0.0556,5,0.0926
3,state,Pw,0.0,52,4533974,0.9615,1.0,0.0769,0.0385,4,0.0769
3,state,RI,0.0,2732,222164770,0.9488,1.0,0.1168,0.037,233,0.0853
3,state,Ri,0.0,68,5145281,0.9461,1.0,0.1324,0.0294,6,0.0882
3,state,SC,0.0,2722,222666901,0.9402,1.0,0.1297,0.0496,284,0.1043
3,state,SD,0.0,2739,223733368,0.9473,1.0,0.1187,0.0394,260,0.0949
3,state,Sc,0.0,46,3656184,0.9638,1.0,0.0652,0.0435,3,0.0652
3,state,Sd,0.0,55,4444940,0.9152,1.0,0.1455,0.1091,7,0.1273
3,state,TN,0.0,2728,222834371,0.9486,1.0,0.1169,0.0374,258,0.0946
3,state,TX,0.0,2748,224875584,0.9483,1.0,0.119,0.036,239,0.087
3,state,Tn,0.0,79,6513506,0.9367,1.0,0.1392,0.0506,10,0.1266
3,state,Tx,0.0,49,3850416,0.966,1.0,0.0612,0.0408,3,0.0612
3,state,UT,0.0,2675,220198967,0.9494,1.0,0.1174,0.0344,235,0.0879
3,state,Unknown,0.0,2195,179903134,0.9497,1.0,0.1116,0.0392,191,0.087
3,state,Ut,0.0,81,6531141,0.9465,1.0,0.1235,0.037,6,0.0741
3,state,VA,0.0,2620,214224447,0.9473,1.0,0.1195,0.0385,240,0.0916
3,state,VI,0.0,2781,226927319,0.9455,1.0,0.1259,0.0378,272,0.0978
3,state,VT,0.0,2600,212904030,0.9465,1.0,0.1215,0.0388,236,0.0908
3,state,Va,0.0,71,5842996,0.9249,1.0,0.1549,0.0704,7,0.0986
3,state,Vi,0.0,66,5235223,0.9798,1.0,0.0606,0.0,3,0.0455
3,state,Vt,0.0,40,3133654,0.95,1.0,0.125,0.025,3,0.075
3,state,WA,0.0,2800,227503808,0.949,1.0,0.1175,0.0354,258,0.0921
3,state,WI,1.0,2924,238323125,0.9514,1.0,0.1094,0.0363,242,0.0828
3,state,WV,0.0,2657,216202681,0.9497,1.0,0.1133,0.0376,234,0.0881
3,state,WY,0.0,2808,226999076,0.9458,1.0,0.1225,0.0402,261,0.0929
3,state,Wa,0.0,42,3530236,0.9762,1.0,0.0476,0.0238,1,0.0238
3,state,Wi,0.0,58,4928176,0.931,1.0,0.1552,0.0517,9,0.1552
3,state,Wv,0.0,59,4747932,0.9548,1.0,0.1017,0.0339,5,0.0847
3,state,Wy,0.0,42,3376945,0.9365,1.0,0.1667,0.0238,3,0.0714
3,state,ak,0.0,30,2353618,0.9444,1.0,0.1667,0.0,3,0.1
3,state,al,0.0,40,3178064,0.9583,1.0,0.1,0.025,2,0.05
3,state,ar,0.0,54,4614947,0.9568,1.0,0.1296,0.0,3,0.0556
3,state,as,0.0,29,2175927,0.954,1.0,0.1379,0.0,3,0.1034
3,state,az,0.0,62,4949003,0.957,1.0,0.0968,0.0323,5,0.0806
3,state,ca,0.0,57,4809372,0.9649,1.0,0.0702,0.0351,3,0.0526
3,state,co,0.0,47,3969226,0.9574,1.0,0.0851,0.0426,4,0.0851
3,state,ct,0.0,43,3484769,0.9457,1.0,0.1163,0.0465,5,0.1163
3,state,dc,0.0,56,4391783,0.994,1.0,0.0179,0.0,0,0.0
3,state,de,0.0,34,2825174,0.951,1.0,0.1176,0.0294,2,0.0588
3,state,fl,0.0,49,3763156,0.9252,1.0,0.1633,0.0612,8,0.1633
3,state,fm,0.0,50,4203994,0.9533,1.0,0.12,0.02,6,0.12
3,state,ga,0.0,62,5016822,0.9409,1.0,0.1129,0.0645,6,0.0968
3,state,gu,0.0,79,6270215,0.9578,1.0,0.1013,0.0253,6,0.0759
3,state,hi,0.0,67,5299122,0.9303,1.0,0.1493,0.0597,10,0.1493
3,state,ia,0.0,67,5700785,0.9104,1.0,0.2239,0.0448,11,0.1642
3,state,id,0.0,55,4466612,0.9333,1.0,0.1273,0.0727,7,0.1273
3,state,il,0.0,88,7218560,0.9621,1.0,0.0909,0.0227,8,0.0909
3,state,in,0.0,89,7063738,0.9326,1.0,0.1573,0.0449,10,0.1124
3,state,ks,0.0,36,2699093,0.9444,1.0,0.1389,0.0278,3,0.0833
3,state,ky,0.0,47,4158723,0.9433,1.0,0.1277,0.0426,3,0.0638
3,state,la,0.0,42,3225199,0.9444,1.0,0.0952,0.0714,4,0.0952
3,state,ma,0.0,75,6580963,0.9067,1.0,0.1867,0.0933,10,0.1333
3,state,md,0.0,47,3749933,0.9291,1.0,0.1489,0.0638,7,0.1489
3,state,me,0.0,75,6206371,0.9556,1.0,0.0933,0.04,6,0.08
3,state,mh,0.0,45,3739952,0.9852,1.0,0.0444,0.0,1,0.0222
3,state,mi,0.0,53,3997826,0.9245,1.0,0.1887,0.0377,9,0.1698
3,state,mn,0.0,54,4483362,0.9506,1.0,0.1481,0.0,6,0.1111
3,state,mo,0.0,72,5812315,0.963,1.0,0.0833,0.0278,5,0.0694
3,state,mp,0.0,44,3521016,0.947,1.0,0.1136,0.0455,4,0.0909
3,state,ms,0.0,39,2943086,0.9487,1.0,0.1538,0.0,5,0.1282
3,state,mt,0.0,71,5879169,0.9577,1.0,0.0845,0.0423,6,0.0845
3,state,nc,0.0,31,2521832,0.9462,1.0,0.1613,0.0,2,0.0645
3,state,nd,0.0,48,3897561,0.9792,1.0,0.0625,0.0,3,0.0625
3,state,ne,0.0,52,4115860,0.9615,1.0,0.0962,0.0192,3,0.0577
3,state,nh,0.0,80,6710407,0.95,1.0,0.1125,0.0375,8,0.1
3,state,nj,0.0,61,5155117,0.9836,1.0,0.0492,0.0,3,0.0492
3,state,nm,0.0,66,5787045,0.9899,1.0,0.0303,0.0,1,0.0152
3,state,nv,0.0,37,3026116,0.973,1.0,0.0811,0.0,2,0.0541
3,state,ny,0.0,62,5044867,0.9462,1.0,0.1129,0.0484,5,0.0806
3,state,oh,0.0,36,2999853,0.9537,1.0,0.1389,0.0,3,0.0833
3,state,ok,0.0,59,4645975,0.9718,1.0,0.0678,0.0169,3,0.0508
3,state,or,0.0,86,7325788,0.9496,1.0,0.093,0.0581,7,0.0814
3,state,pa,0.0,61,5305578,0.9563,1.0,0.0984,0.0328,4,0.0656
3,state,pr,0.0,54,4210324,0.9444,1.0,0.1481,0.0185,7,0.1296
3,state,pw,0.0,37,2982316,0.973,1.0,0.0541,0.027,2,0.0541
3,state,ri,0.0,89,7377165,0.9775,1.0,0.0562,0.0112,4,0.0449
3,state,sc,0.0,67,5624237,0.9652,1.0,0.0896,0.0149,4,0.0597
3,state,sd,0.0,35,2990500,0.981,1.0,0.0571,0.0,2,0.0571
3,state,tn,0.0,50,3977856,0.9267,1.0,0.16,0.06,7,0.14
3,state,tx,0.0,62,4998883,0.9516,1.0,0.129,0.0161,4,0.0645
3,state,ut,0.0,77,6480230,0.9437,1.0,0.1169,0.0519,9,0.1169
3,state,va,0.0,47,3839079,0.9716,1.0,0.0638,0.0213,3,0.0638
3,state,vi,0.0,58,4736540,0.9253,1.0,0.1724,0.0517,7,0.1207
3,state,vt,0.0,53,4190310,0.9748,1.0,0.0566,0.0189,3,0.0566
3,state,wa,0.0,47,3731930,0.9504,1.0,0.1277,0.0213,3,0.0638
3,state,wi,0.0,61,4894284,0.9672,1.0,0.082,0.0164,4,0.0656
3,state,wv,0.0,68,5459088,0.9706,1.0,0.0588,0.0294,4,0.0588
3,state,wy,0.0,34,2819535,0.9706,1.0,0.0882,0.0,2,0.0588
4,state,AK,0.0,1477,120319347,0.9783,1.0,0.0609,0.0257,69,0.0467
4,state,AL,1.0,1526,123697580,0.9748,1.0,0.0727,0.0282,74,0.0485
4,state,AR,0.0,1435,117922509,0.9735,1.0,0.0767,0.0293,70,0.0488
4,state,AS,0.0,1395,113235242,0.9711,1.0,0.0832,0.0323,87,0.0624
4,state,AZ,1.0,1531,123319983,0.9711,1.0,0.083,0.0327,84,0.0549
4,state,Ak,0.0,41,3572523,0.9817,1.0,0.0488,0.0244,1,0.0244
4,state,Al,0.0,48,3955738,0.9948,1.0,0.0208,0.0,1,0.0208
4,state,Ar,0.0,30,2285673,0.9417,1.0,0.1333,0.1,4,0.1333
4,state,As,0.0,37,3127505,0.9865,1.0,0.0541,0.0,1,0.027
4,state,Az,0.0,26,2132079,0.9615,1.0,0.1154,0.0385,3,0.1154
4,state,CA,0.0,1424,117210221,0.9688,1.0,0.0878,0.0372,92,0.0646
4,state,CO,1.0,1492,119062373,0.9724,1.0,0.0771,0.0335,79,0.0529
4,state,CT,0.0,1475,120582838,0.9747,1.0,0.0712,0.0298,79,0.0536
4,state,Ca,0.0,33,2779620,0.9924,1.0,0.0303,0.0,1,0.0303
4,state,Co,0.0,28,2362230,0.9911,1.0,0.0357,0.0,1,0.0357
4,state,Ct,0.0,49,3906826,0.9898,1.0,0.0408,0.0,1,0.0204
4,state,DC,0.0,1361,110952622,0.9734,1.0,0.0713,0.0353,76,0.0558
4,state,DE,0.0,1419,114644216,0.973,1.0,0.0782,0.0296,69,0.0486
4,state,Dc,0.0,27,2048574,0.9537,1.0,0.1111,0.0741,2,0.0741
4,state,De,0.0,25,1983017,0.98,1.0,0.08,0.0,1,0.04
4,state,FL,0.0,1447,119526878,0.9753,1.0,0.0739,0.0249,72,0.0498
4,state,FM,0.0,1420,113785114,0.9718,1.0,0.0754,0.0373,73,0.0514
4,state,Fl,0.0,34,2675939,0.9485,1.0,0.1176,0.0882,3,0.0882
4,state,Fm,0.0,32,2427673,0.9531,1.0,0.125,0.0625,2,0.0625
4,state,GA,0.0,1446,118184119,0.9741,1.0,0.0726,0.0311,76,0.0526
4,state,GU,1.0,1526,124131319,0.9787,1.0,0.0583,0.0269,69,0.0452
4,state,Ga,0.0,19,1502404,1.0,1.0,0.0,0.0,0,0.0
4,state,Gu,0.0,33,2697565,0.9848,1.0,0.0303,0.0303,1,0.0303
4,state,HI,0.0,1423,115972522,0.9775,1.0,0.0668,0.0232,65,0.0457
4,state,Hi,0.0,37,3079784,0.973,1.0,0.0541,0.0541,2,0.0541
4,state,IA,0.0,1445,118380955,0.9754,1.0,0.0699,0.0284,72,0.0498
4,state,ID,0.0,1473,119770409,0.9713,1.0,0.0781,0.0367,80,0.0543
4,state,IL,0.0,1376,113681884,0.9706,1.0,0.0828,0.0349,77,0.056
4,state,IN,0.0,1437,115948432,0.9722,1.0,0.0821,0.0292,79,0.055
4,state,Ia,0.0,27,1915118,0.9815,1.0,0.0741,0.0,0,0.0
4,state,Id,0.0,29,2532806,0.9741,1.0,0.069,0.0345,2,0.069
4,state,Il,0.0,33,2705039,0.9924,1.0,0.0303,0.0,0,0.0
4,state,In,0.0,23,1902451,0.9891,1.0,0.0435,0.0,1,0.0435
4,state,KS,1.0,1535,124698304,0.972,1.0,0.0788,0.0332,96,0.0625
4,state,KY,0.0,1463,118258274,0.973,1.0,0.0793,0.0287,79,0.054
4,state,Ks,0.0,33,2694433,0.9773,1.0,0.0606,0.0303,2,0.0606
4,state,Ky,0.0,25,2000893,0.96,1.0,0.12,0.04,2,0.08
4,state,LA,0.0,1445,117933198,0.9718,1.0,0.0796,0.0332,79,0.0547
4,state,La,0.0,23,1739258,0.9783,1.0,0.0435,0.0435,1,0.0435
4,state,MA,1.0,1524,124066423,0.9739,1.0,0.0702,0.0341,82,0.0538
4,state,MD,1.0,1492,120676938,0.9698,1.0,0.0831,0.0375,88,0.059
4,state,ME,0.0,1515,123211178,0.9686,1.0,0.0851,0.0403,100,0.066
4,state,MH,0.0,1445,118105295,0.9737,1.0,0.0754,0.0298,83,0.0574
4,state,MI,0.0,1435,118122959,0.9753,1.0,0.0767,0.0223,76,0.053
4,state,MN,0.0,1504,122295322,0.9739,1.0,0.0731,0.0312,79,0.0525
4,state,MO,0.0,1335,109555720,0.9717,1.0,0.0779,0.0352,78,0.0584
4,state,MP,0.0,1478,120137700,0.9704,1.0,0.0832,0.0352,88,0.0595
4,state,MS,0.0,1473,119012026,0.9745,1.0,0.0699,0.0319,70,0.0475
4,state,MT,0.0,1366,112709034,0.9757,1.0,0.0681,0.0293,66,0.0483
4,state,Ma,0.0,54,4018670,0.9444,1.0,0.1667,0.0556,4,0.0741
4,state,Md,0.0,40,3234852,0.9688,1.0,0.075,0.05,3,0.075
4,state,Me,0.0,23,1768114,0.9239,1.0,0.1739,0.1304,3,0.1304
4,state,Mh,0.0,21,1707544,0.9762,1.0,0.0476,0.0476,1,0.0476
4,state,Mi,0.0,15,1059772,0.95,1.0,0.1333,0.0667,2,0.1333
4,state,Mn,0.0,32,2505180,0.9844,1.0,0.0312,0.0312,1,0.0312
4,state,Mo,0.0,38,3132673,0.9474,1.0,0.1579,0.0526,3,0.0789
4,state,Mp,0.0,24,1964166,1.0,1.0,0.0,0.0,0,0.0
4,state,Ms,0.0,39,3159730,0.9808,1.0,0.0769,0.0,2,0.0513
4,state,Mt,0.0,39,3177393,0.9872,1.0,0.0513,0.0,2,0.0513
4,state,NC,0.0,1451,118367070,0.9707,1.0,0.0772,0.04,84,0.0579
4,state,ND,0.0,1371,112740490,0.9799,1.0,0.062,0.0182,60,0.0438
4,state,NE,0.0,1456,117774861,0.9722,1.0,0.0783,0.033,79,0.0543
4,state,NH,0.0,1427,116866152,0.9748,1.0,0.0708,0.0301,80,0.0561
4,state,NJ,0.0,1492,121185643,0.9755,1.0,0.0751,0.0228,81,0.0543
4,state,NM,0.0,1418,115057203,0.9725,1.0,0.0797,0.0303,76,0.0536
4,state,NV,1.0,1573,128629709,0.9768,1.0,0.0687,0.0242,74,0.047
4,state,NY,0.0,1355,110492971,0.9701,1.0,0.0871,0.0325,78,0.0576
4,state,Nc,0.0,48,3831697,0.9792,1.0,0.0417,0.0417,2,0.0417
4,state,Nd,0.0,32,2557406,0.9375,1.0,0.1875,0.0625,3,0.0938
4,state,Ne,0.0,26,1930788,0.9808,1.0,0.0769,0.0,1,0.0385
4,state,Nh,0.0,19,1564178,0.9868,1.0,0.0526,0.0,1,0.0526
4,state,Nj,0.0,26,2182112,0.9808,1.0,0.0385,0.0385,1,0.0385
4,state,Nm,0.0,33,2803479,0.9848,1.0,0.0606,0.0,0,0.0
4,state,Nv,0.0,34,2751787,0.9853,1.0,0.0294,0.0294,1,0.0294
4,state,Ny,0.0,32,2769393,0.9688,1.0,0.125,0.0,2,0.0625
4,state,OH,0.0,1455,119460562,0.9744,1.0,0.0777,0.0247,75,0.0515
4,state,OK,1.0,1554,126621009,0.9701,1.0,0.0811,0.0386,98,0.0631
4,state,OR,0.0,1447,117698754,0.9722,1.0,0.0767,0.0346,79,0.0546
4,state,Oh,0.0,28,2306929,0.9732,1.0,0.0714,0.0357,1,0.0357
4,state,Ok,0.0,15,1235942,0.95,1.0,0.1333,0.0667,1,0.0667
4,state,Or,0.0,31,2405151,0.9677,1.0,0.0645,0.0645,2,0.0645
4,state,PA,0.0,1355,109869015,0.9688,1.0,0.093,0.0317,90,0.0664
4,state,PR,0.0,1504,122023499,0.9691,1.0,0.0884,0.0352,103,0.0685
4,state,PW,0.0,1465,118579549,0.9741,1.0,0.0737,0.03,71,0.0485
4,state,Pa,0.0,37,3022936,0.973,1.0,0.0541,0.0541,2,0.0541
4,state,Pr,0.0,31,2567855,0.9839,1.0,0.0645,0.0,1,0.0323
4,state,Pw,0.0,24,2058145,1.0,1.0,0.0,0.0,0,0.0
4,state,RI,0.0,1402,113864205,0.9768,1.0,0.0713,0.0214,69,0.0492
4,state,Ri,0.0,32,2623030,0.9766,1.0,0.0625,0.0312,1,0.0312
4,state,SC,0.0,1454,119495161,0.9723,1.0,0.0784,0.0323,85,0.0585
4,state,SD,0.0,1464,119377319,0.973,1.0,0.0765,0.0314,83,0.0567
4,state,Sc,0.0,26,1951215,0.9808,1.0,0.0385,0.0385,1,0.0385
4,state,Sd,0.0,31,2387086,0.9919,1.0,0.0323,0.0,0,0.0
4,state,TN,0.0,1511,123397288,0.9732,1.0,0.0754,0.0318,79,0.0523
4,state,TX,0.0,1468,120355724,0.9734,1.0,0.0783,0.0279,82,0.0559
4,state,Tn,0.0,39,3289203,0.9423,1.0,0.1282,0.1026,4,0.1026
4,state,Tx,0.0,31,2345409,0.9758,1.0,0.0645,0.0323,2,0.0645
4,state,UT,0.0,1447,118627758,0.9744,1.0,0.0705,0.0318,75,0.0518
4,state,Unknown,0.0,1167,95409604,0.976,1.0,0.0686,0.0274,61,0.0523
4,state,Ut,0.0,45,3665275,0.9667,1.0,0.0889,0.0444,4,0.0889
4,state,VA,0.0,1366,112731953,0.9722,1.0,0.0754,0.0359,78,0.0571
4,state,VI,0.0,1475,120399991,0.9705,1.0,0.0786,0.0393,91,0.0617
4,state,VT,0.0,1340,110489297,0.9754,1.0,0.0687,0.0299,66,0.0493
4,state,Va,0.0,30,2480381,0.975,1.0,0.0667,0.0333,2,0.0667
4,state,Vi,0.0,41,3204469,0.9695,1.0,0.0732,0.0488,3,0.0732
4,state,Vt,0.0,26,2023849,1.0,1.0,0.0,0.0,0,0.0
4,state,WA,0.0,1462,118383879,0.9742,1.0,0.0759,0.0274,71,0.0486
4,state,WI,1.0,1572,127111720,0.9763,1.0,0.063,0.0318,77,0.049
4,state,WV,0.0,1405,115060466,0.9762,1.0,0.0705,0.0249,73,0.052
4,state,WY,0.0,1449,117148885,0.9727,1.0,0.0814,0.0276,84,0.058
4,state,Wa,0.0,20,1613245,1.0,1.0,0.0,0.0,0,0.0
4,state,Wi,0.0,29,2393743,0.931,1.0,0.1379,0.1379,4,0.1379
4,state,Wv,0.0,33,2762116,0.9621,1.0,0.1212,0.0303,3,0.0909
4,state,Wy,0.0,23,1829862,0.9565,1.0,0.1739,0.0,4,0.1739
4,state,ak,0.0,16,1232966,0.9375,1.0,0.1875,0.0625,2,0.125
4,state,al,0.0,24,1959540,0.9792,1.0,0.0417,0.0417,1,0.0417
4,state,ar,0.0,29,2591258,1.0,1.0,0.0,0.0,0,0.0
4,state,as,0.0,15,1037126,0.9333,1.0,0.2,0.0667,2,0.1333
4,state,az,0.0,31,2638451,1.0,1.0,0.0,0.0,0,0.0
4,state,ca,0.0,29,2486698,0.9914,1.0,0.0345,0.0,1,0.0345
4,state,co,0.0,23,1931300,0.9674,1.0,0.1304,0.0,2,0.087
4,state,ct,0.0,28,2256199,0.9732,1.0,0.0714,0.0357,2,0.0714
4,state,dc,0.0,31,2429439,1.0,1.0,0.0,0.0,0,0.0
4,state,de,0.0,16,1271262,0.9844,1.0,0.0625,0.0,0,0.0
4,state,fl,0.0,20,1729327,0.9875,1.0,0.05,0.0,0,0.0
4,state,fm,0.0,30,2531381,0.9667,1.0,0.1,0.0333,1,0.0333
4,state,ga,0.0,34,2684015,0.9779,1.0,0.0588,0.0294,2,0.0588
4,state,gu,0.0,44,3515139,0.9659,1.0,0.0909,0.0455,3,0.0682
4,state,hi,0.0,34,2745385,0.9485,1.0,0.1176,0.0882,3,0.0882
4,state,ia,0.0,32,2630204,0.9219,1.0,0.1875,0.125,5,0.1562
4,state,id,0.0,25,2029082,0.99,1.0,0.04,0.0,0,0.0
4,state,il,0.0,53,4381391,0.9481,1.0,0.1132,0.0943,6,0.1132
4,state,in,0.0,43,3161089,0.9942,1.0,0.0233,0.0,1,0.0233
4,state,ks,0.0,20,1544512,0.9625,1.0,0.1,0.05,2,0.1
4,state,ky,0.0,22,2023590,1.0,1.0,0.0,0.0,0,0.0
4,state,la,0.0,23,1911425,0.9783,1.0,0.0435,0.0435,1,0.0435
4,state,ma,0.0,34,2991842,0.9779,1.0,0.0588,0.0294,2,0.0588
4,state,md,0.0,25,1938280,0.95,1.0,0.2,0.0,2,0.08
4,state,me,0.0,37,3004419,0.9662,1.0,0.1351,0.0,3,0.0811
4,state,mh,0.0,27,2179347,0.9815,1.0,0.0741,0.0,2,0.0741
4,state,mi,0.0,32,2326848,0.9141,1.0,0.25,0.0938,4,0.125
4,state,mn,0.0,31,2562195,0.9677,1.0,0.0968,0.0323,2,0.0645
4,state,mo,0.0,42,3371072,0.9821,1.0,0.0714,0.0,3,0.0714
4,state,mp,0.0,25,2051451,0.95,1.0,0.12,0.08,3,0.12
4,state,ms,0.0,21,1557092,0.9405,1.0,0.1429,0.0952,2,0.0952
4,state,mt,0.0,38,3058742,0.9934,1.0,0.0263,0.0,1,0.0263
4,state,nc,0.0,10,856625,1.0,1.0,0.0,0.0,0,0.0
4,state,nd,0.0,28,2346294,0.9821,1.0,0.0357,0.0357,1,0.0357
4,state,ne,0.0,32,2542305,0.9922,1.0,0.0312,0.0,0,0.0
4,state,nh,0.0,40,3606201,0.9688,1.0,0.1,0.025,3,0.075
4,state,nj,0.0,38,3260753,0.9671,1.0,0.0789,0.0526,3,0.0789
4,state,nm,0.0,35,3147871,0.9786,1.0,0.0571,0.0286,2,0.0571
4,state,nv,0.0,20,1643435,0.975,1.0,0.1,0.0,0,0.0
4,state,ny,0.0,34,2644246,0.9632,1.0,0.0882,0.0588,3,0.0882
4,state,oh,0.0,19,1554007,0.9605,1.0,0.1053,0.0526,1,0.0526
4,state,ok,0.0,35,2577758,0.9857,1.0,0.0286,0.0286,1,0.0286
4,state,or,0.0,41,3586581,0.9939,1.0,0.0244,0.0,1,0.0244
4,state,pa,0.0,33,2964298,0.9773,1.0,0.0606,0.0303,2,0.0606
4,state,pr,0.0,25,1894026,0.94,1.0,0.16,0.08,3,0.12
4,state,pw,0.0,22,1692320,0.9773,1.0,0.0455,0.0455,1,0.0455
4,state,ri,0.0,48,4160630,0.9948,1.0,0.0208,0.0,1,0.0208
4,state,sc,0.0,34,2860586,0.9926,1.0,0.0294,0.0,0,0.0
4,state,sd,0.0,23,1934228,0.9891,1.0,0.0435,0.0,1,0.0435
4,state,tn,0.0,26,2110024,0.9615,1.0,0.1154,0.0385,2,0.0769
4,state,tx,0.0,29,2333073,0.9655,1.0,0.1034,0.0345,2,0.069
4,state,ut,0.0,50,4154036,0.965,1.0,0.1,0.04,4,0.08
4,state,va,0.0,24,1883416,0.9479,1.0,0.1667,0.0417,4,0.1667
4,state,vi,0.0,21,1696671,0.9881,1.0,0.0476,0.0,0,0.0
4,state,vt,0.0,33,2582432,0.9773,1.0,0.0606,0.0303,2,0.0606
4,state,wa,0.0,22,1711572,1.0,1.0,0.0,0.0,0,0.0
4,state,wi,0.0,30,2400245,0.9667,1.0,0.1,0.0333,2,0.0667
4,state,wv,0.0,39,3107387,0.9872,1.0,0.0513,0.0,2,0.0513
4,state,wy,0.0,16,1313693,0.9688,1.0,0.0625,0.0625,1,0.0625
5,state,AK,0.0,207,17061787,0.9923,1.0,0.029,0.0,5,0.0242
5,state,AL,1.0,194,15881961,0.9918,1.0,0.0309,0.0,3,0.0155
5,state,AR,0.0,159,13078443,0.9912,1.0,0.0377,0.0,2,0.0126
5,state,AS,0.0,177,14187190,0.9921,1.0,0.0282,0.0,4,0.0226
5,state,AZ,1.0,184,14893457,0.9859,1.0,0.0435,0.0,5,0.0272
5,state,Ak,0.0,2,203694,1.0,1.0,0.0,0.0,0,0.0
5,state,Al,0.0,3,265022,1.0,1.0,0.0,0.0,0,0.0
5,state,Ar,0.0,5,415028,1.0,1.0,0.0,0.0,0,0.0
5,state,As,0.0,4,353929,1.0,1.0,0.0,0.0,0,0.0
5,state,Az,0.0,3,258962,0.8667,1.0,0.3333,0.0,1,0.3333
5,state,CA,0.0,184,15168441,0.988,1.0,0.038,0.0,5,0.0272
5,state,CO,1.0,192,15106986,0.9948,1.0,0.026,0.0,1,0.0052
5,state,CT,0.0,187,14908511,0.9914,1.0,0.0267,0.0,3,0.016
5,state,Ca,0.0,5,423346,1.0,1.0,0.0,0.0,0,0.0
5,state,Co,0.0,3,291370,1.0,1.0,0.0,0.0,0,0.0
5,state,Ct,0.0,9,706752,1.0,1.0,0.0,0.0,0,0.0
5,state,DC,0.0,170,13560938,0.9918,1.0,0.0294,0.0,4,0.0235
5,state,DE,0.0,200,15950652,0.998,1.0,0.01,0.0,2,0.01
5,state,Dc,0.0,2,136677,1.0,1.0,0.0,0.0,0,0.0
5,state,De,0.0,5,440637,1.0,1.0,0.0,0.0,0,0.0
5,state,FL,0.0,170,13831458,0.9976,1.0,0.0118,0.0,2,0.0118
5,state,FM,0.0,175,14084531,0.9977,1.0,0.0114,0.0,2,0.0114
5,state,Fl,0.0,6,497847,1.0,1.0,0.0,0.0,0,0.0
5,state,Fm,0.0,5,413355,1.0,1.0,0.0,0.0,0,0.0
5,state,GA,0.0,178,14301384,0.9876,1.0,0.0393,0.0,5,0.0281
5,state,GU,1.0,185,15266314,0.9978,1.0,0.0054,0.0,1,0.0054
5,state,Ga,0.0,2,138468,1.0,1.0,0.0,0.0,0,0.0
5,state,Gu,0.0,3,237729,1.0,1.0,0.0,0.0,0,0.0
5,state,HI,0.0,174,13823566,0.9931,1.0,0.0287,0.0,2,0.0115
5,state,Hi,0.0,5,452097,1.0,1.0,0.0,0.0,0,0.0
5,state,IA,0.0,194,15848531,0.9938,1.0,0.0206,0.0,4,0.0206
5,state,ID,0.0,197,15806920,0.9959,1.0,0.0203,0.0,2,0.0102
5,state,IL,0.0,189,16365465,0.9915,1.0,0.0317,0.0,3,0.0159
5,state,IN,0.0,202,15869203,0.9901,1.0,0.0396,0.0,3,0.0149
5,state,Ia,0.0,1,72206,1.0,1.0,0.0,0.0,0,0.0
5,state,Il,0.0,1,93563,1.0,1.0,0.0,0.0,0,0.0
5,state,In,0.0,6,544053,1.0,1.0,0.0,0.0,0,0.0
5,state,KS,1.0,215,17573082,0.9953,1.0,0.014,0.0,3,0.014
5,state,KY,0.0,169,13088682,0.9953,1.0,0.0118,0.0,2,0.0118
5,state,Ks,0.0,2,165897,1.0,1.0,0.0,0.0,0,0.0
5,state,Ky,0.0,3,285301,1.0,1.0,0.0,0.0,0,0.0
5,state,LA,0.0,183,15356184,0.9891,1.0,0.0383,0.0,6,0.0328
5,state,La,0.0,4,294116,1.0,1.0,0.0,0.0,0,0.0
5,state,MA,1.0,206,17066940,0.9942,1.0,0.0194,0.0,4,0.0194
5,state,MD,1.0,186,15071071,0.9892,1.0,0.0376,0.0,7,0.0376
5,state,ME,0.0,207,16614693,0.9923,1.0,0.0242,0.0,4,0.0193
5,state,MH,0.0,187,15371374,0.9936,1.0,0.0214,0.0,4,0.0214
5,state,MI,0.0,168,14067954,0.9952,1.0,0.0179,0.0,2,0.0119
5,state,MN,0.0,206,16797189,0.9922,1.0,0.0291,0.0,3,0.0146
5,state,MO,0.0,164,13158866,0.9927,1.0,0.0305,0.0,1,0.0061
5,state,MP,0.0,212,17191655,0.9906,1.0,0.033,0.0,5,0.0236
5,state,MS,0.0,180,14573926,0.9944,1.0,0.0222,0.0,4,0.0222
5,state,MT,0.0,162,13383347,0.9926,1.0,0.0309,0.0,2,0.0123
5,state,Ma,0.0,7,482230,1.0,1.0,0.0,0.0,0,0.0
5,state,Md,0.0,3,270327,0.9333,1.0,0.3333,0.0,1,0.3333
5,state,Me,0.0,1,77245,1.0,1.0,0.0,0.0,0,0.0
5,state,Mh,0.0,4,313954,1.0,1.0,0.0,0.0,0,0.0
5,state,Mi,0.0,1,90333,1.0,1.0,0.0,0.0,0,0.0
5,state,Mn,0.0,5,407007,1.0,1.0,0.0,0.0,0,0.0
5,state,Mo,0.0,3,260720,1.0,1.0,0.0,0.0,0,0.0
5,state,Mp,0.0,2,164603,1.0,1.0,0.0,0.0,0,0.0
5,state,Ms,0.0,3,233434,1.0,1.0,0.0,0.0,0,0.0
5,state,Mt,0.0,8,668479,0.95,1.0,0.125,0.0,1,0.125
5,state,NC,0.0,159,13044782,0.9937,1.0,0.0189,0.0,2,0.0126
5,state,ND,0.0,163,13442317,0.989,1.0,0.0307,0.0,5,0.0307
5,state,NE,0.0,216,17433068,0.9944,1.0,0.0185,0.0,3,0.0139
5,state,NH,0.0,182,15237958,0.9934,1.0,0.0275,0.0,2,0.011
5,state,NJ,0.0,195,16365556,0.9959,1.0,0.0154,0.0,2,0.0103
5,state,NM,0.0,161,13028077,0.9863,1.0,0.0373,0.0,6,0.0373
5,state,NV,1.0,200,16285095,0.993,1.0,0.02,0.0,3,0.015
5,state,NY,0.0,148,11813679,0.9919,1.0,0.0338,0.0,3,0.0203
5,state,Nc,0.0,10,816522,1.0,1.0,0.0,0.0,0,0.0
5,state,Nd,0.0,6,518827,1.0,1.0,0.0,0.0,0,0.0
5,state,Ne,0.0,4,270948,1.0,1.0,0.0,0.0,0,0.0
5,state,Nh,0.0,3,253308,1.0,1.0,0.0,0.0,0,0.0
5,state,Nj,0.0,1,98199,1.0,1.0,0.0,0.0,0,0.0
5,state,Nm,0.0,3,248268,1.0,1.0,0.0,0.0,0,0.0
5,state,Nv,0.0,3,263483,1.0,1.0,0.0,0.0,0,0.0
5,state,Ny,0.0,3,262587,1.0,1.0,0.0,0.0,0,0.0
5,state,OH,0.0,202,17135370,0.997,1.0,0.0099,0.0,1,0.005
5,state,OK,1.0,233,18767339,0.9957,1.0,0.0129,0.0,2,0.0086
5,state,OR,0.0,195,15672193,0.9928,1.0,0.0308,0.0,3,0.0154
5,state,Oh,0.0,7,507619,1.0,1.0,0.0,0.0,0,0.0
5,state,Or,0.0,3,220641,0.9333,1.0,0.3333,0.0,1,0.3333
5,state,PA,0.0,151,12316722,0.9947,1.0,0.0132,0.0,2,0.0132
5,state,PR,0.0,207,16884389,0.999,1.0,0.0048,0.0,0,0.0
5,state,PW,0.0,194,16165541,0.9938,1.0,0.0206,0.0,2,0.0103
5,state,Pa,0.0,3,220675,1.0,1.0,0.0,0.0,0,0.0
5,state,Pr,0.0,7,613789,1.0,1.0,0.0,0.0,0,0.0
5,state,Pw,0.0,5,449811,1.0,1.0,0.0,0.0,0,0.0
5,state,RI,0.0,147,11856364,0.9946,1.0,0.0204,0.0,3,0.0204
5,state,Ri,0.0,4,314572,0.95,1.0,0.25,0.0,1,0.25
5,state,SC,0.0,175,14990236,0.9943,1.0,0.0171,0.0,3,0.0171
5,state,SD,0.0,189,15350950,0.9958,1.0,0.0212,0.0,2,0.0106
5,state,Sc,0.0,3,146149,1.0,1.0,0.0,0.0,0,0.0
5,state,Sd,0.0,2,148856,1.0,1.0,0.0,0.0,0,0.0
5,state,TN,0.0,191,16046733,0.9969,1.0,0.0105,0.0,2,0.0105
5,state,TX,0.0,195,16003678,0.9959,1.0,0.0103,0.0,2,0.0103
5,state,Tn,0.0,7,555690,1.0,1.0,0.0,0.0,0,0.0
5,state,Tx,0.0,5,329671,0.96,1.0,0.2,0.0,0,0.0
5,state,UT,0.0,181,15007840,0.9923,1.0,0.0221,0.0,4,0.0221
5,state,Unknown,0.0,171,13539746,0.9988,1.0,0.0058,0.0,1,0.0058
5,state,Ut,0.0,6,510718,1.0,1.0,0.0,0.0,0,0.0
5,state,VA,0.0,172,13821453,0.9965,1.0,0.0116,0.0,2,0.0116
5,state,VI,0.0,205,17214078,0.9922,1.0,0.0293,0.0,4,0.0195
5,state,VT,0.0,193,15897591,0.9917,1.0,0.0259,0.0,4,0.0207
5,state,Va,0.0,4,331771,1.0,1.0,0.0,0.0,0,0.0
5,state,Vi,0.0,8,647476,1.0,1.0,0.0,0.0,0,0.0
5,state,Vt,0.0,4,274779,1.0,1.0,0.0,0.0,0,0.0
5,state,WA,0.0,180,14861420,0.99,1.0,0.0278,0.0,4,0.0222
5,state,WI,1.0,203,16277083,0.9921,1.0,0.0246,0.0,4,0.0197
5,state,WV,0.0,182,14372164,0.989,1.0,0.044,0.0,2,0.011
5,state,WY,0.0,182,14631484,0.9945,1.0,0.0275,0.0,4,0.022
5,state,Wa,0.0,3,226597,1.0,1.0,0.0,0.0,0,0.0
5,state,Wi,0.0,2,183412,1.0,1.0,0.0,0.0,0,0.0
5,state,Wv,0.0,6,479689,1.0,1.0,0.0,0.0,0,0.0
5,state,Wy,0.0,4,327472,1.0,1.0,0.0,0.0,0,0.0
5,state,ak,0.0,1,72655,1.0,1.0,0.0,0.0,0,0.0
5,state,al,0.0,4,306748,1.0,1.0,0.0,0.0,0,0.0
5,state,ar,0.0,3,386397,1.0,1.0,0.0,0.0,0,0.0
5,state,as,0.0,2,184287,1.0,1.0,0.0,0.0,0,0.0
5,state,az,0.0,5,437459,1.0,1.0,0.0,0.0,0,0.0
5,state,ca,0.0,4,338217,1.0,1.0,0.0,0.0,0,0.0
5,state,co,0.0,8,611281,1.0,1.0,0.0,0.0,0,0.0
5,state,ct,0.0,3,225457,1.0,1.0,0.0,0.0,0,0.0
5,state,dc,0.0,2,-25144,1.0,1.0,0.0,0.0,0,0.0
5,state,de,0.0,4,372719,1.0,1.0,0.0,0.0,0,0.0
5,state,fl,0.0,2,201427,1.0,1.0,0.0,0.0,0,0.0
5,state,fm,0.0,3,266297,1.0,1.0,0.0,0.0,0,0.0
5,state,ga,0.0,13,1058729,1.0,1.0,0.0,0.0,0,0.0
5,state,gu,0.0,5,402576,1.0,1.0,0.0,0.0,0,0.0
5,state,hi,0.0,7,523978,1.0,1.0,0.0,0.0,0,0.0
5,state,ia,0.0,1,0,1.0,1.0,0.0,0.0,0,0.0
5,state,id,0.0,4,324310,1.0,1.0,0.0,0.0,0,0.0
5,state,il,0.0,6,523647,1.0,1.0,0.0,0.0,0,0.0
5,state,in,0.0,6,491223,1.0,1.0,0.0,0.0,0,0.0
5,state,ks,0.0,1,48728,0.8,0.8,1.0,0.0,0,0.0
5,state,ky,0.0,2,92150,1.0,1.0,0.0,0.0,0,0.0
5,state,la,0.0,3,222091,1.0,1.0,0.0,0.0,0,0.0
5,state,ma,0.0,3,246650,1.0,1.0,0.0,0.0,0,0.0
5,state,md,0.0,2,118292,1.0,1.0,0.0,0.0,0,0.0
5,state,me,0.0,7,552967,0.9429,1.0,0.1429,0.0,1,0.1429
5,state,mh,0.0,1,114873,1.0,1.0,0.0,0.0,0,0.0
5,state,mi,0.0,3,178107,1.0,1.0,0.0,0.0,0,0.0
5,state,mn,0.0,5,386553,0.96,1.0,0.2,0.0,0,0.0
5,state,mo,0.0,6,505769,1.0,1.0,0.0,0.0,0,0.0
5,state,mp,0.0,3,279497,1.0,1.0,0.0,0.0,0,0.0
5,state,ms,0.0,1,60883,1.0,1.0,0.0,0.0,0,0.0
5,state,mt,0.0,3,261571,1.0,1.0,0.0,0.0,0,0.0
5,state,nc,0.0,1,84640,1.0,1.0,0.0,0.0,0,0.0
5,state,nd,0.0,2,33002,1.0,1.0,0.0,0.0,0,0.0
5,state,ne,0.0,3,213713,1.0,1.0,0.0,0.0,0,0.0
5,state,nh,0.0,4,323806,0.95,1.0,0.25,0.0,0,0.0
5,state,nj,0.0,7,557285,1.0,1.0,0.0,0.0,0,0.0
5,state,nm,0.0,5,396167,0.96,1.0,0.2,0.0,0,0.0
5,state,nv,0.0,3,267099,1.0,1.0,0.0,0.0,0,0.0
5,state,ny,0.0,11,842730,1.0,1.0,0.0,0.0,0,0.0
5,state,oh,0.0,2,127874,1.0,1.0,0.0,0.0,0,0.0
5,state,ok,0.0,5,366211,1.0,1.0,0.0,0.0,0,0.0
5,state,or,0.0,5,653943,1.0,1.0,0.0,0.0,0,0.0
5,state,pa,0.0,5,406131,1.0,1.0,0.0,0.0,0,0.0
5,state,pr,0.0,2,157737,1.0,1.0,0.0,0.0,0,0.0
5,state,pw,0.0,5,398567,1.0,1.0,0.0,0.0,0,0.0
5,state,ri,0.0,8,742242,1.0,1.0,0.0,0.0,0,0.0
5,state,sc,0.0,5,446366,1.0,1.0,0.0,0.0,0,0.0
5,state,sd,0.0,5,381721,1.0,1.0,0.0,0.0,0,0.0
5,state,tn,0.0,3,275087,1.0,1.0,0.0,0.0,0,0.0
5,state,tx,0.0,3,256357,1.0,1.0,0.0,0.0,0,0.0
5,state,ut,0.0,1,87038,1.0,1.0,0.0,0.0,0,0.0
5,state,va,0.0,2,154101,1.0,1.0,0.0,0.0,0,0.0
5,state,vi,0.0,4,317831,1.0,1.0,0.0,0.0,0,0.0
5,state,vt,0.0,1,81764,1.0,1.0,0.0,0.0,0,0.0
5,state,wa,0.0,4,326087,1.0,1.0,0.0,0.0,0,0.0
5,state,wi,0.0,5,475851,0.96,1.0,0.2,0.0,0,0.0
5,state,wv,0.0,6,385238,0.9333,1.0,0.1667,0.0,1,0.1667
5,state,wy,0.0,2,174738,1.0,1.0,0.0,0.0,0,0.0
6,state,AK,0.0,3,260654,1.0,1.0,0.0,0.0,0,0.0
6,state,AL,1.0,2,156741,1.0,1.0,0.0,0.0,0,0.0
6,state,AR,0.0,7,566494,1.0,1.0,0.0,0.0,0,0.0
6,state,AS,0.0,3,218792,1.0,1.0,0.0,0.0,0,0.0
6,state,AZ,1.0,3,246506,1.0,1.0,0.0,0.0,0,0.0
6,state,CA,0.0,7,627411,1.0,1.0,0.0,0.0,0,0.0
6,state,CO,1.0,5,404297,1.0,1.0,0.0,0.0,0,0.0
6,state,CT,0.0,3,233267,1.0,1.0,0.0,0.0,0,0.0
6,state,DC,0.0,6,461388,0.8889,1.0,0.3333,0.0,2,0.3333
6,state,DE,0.0,4,367676,1.0,1.0,0.0,0.0,0,0.0
6,state,FL,0.0,3,277600,1.0,1.0,0.0,0.0,0,0.0
6,state,FM,0.0,2,181398,1.0,1.0,0.0,0.0,0,0.0
6,state,GA,0.0,2,183396,1.0,1.0,0.0,0.0,0,0.0
6,state,GU,1.0,5,356702,1.0,1.0,0.0,0.0,0,0.0
6,state,HI,0.0,3,268976,1.0,1.0,0.0,0.0,0,0.0
6,state,IA,0.0,2,134482,1.0,1.0,0.0,0.0,0,0.0
6,state,ID,0.0,5,435828,1.0,1.0,0.0,0.0,0,0.0
6,state,IL,0.0,1,103809,1.0,1.0,0.0,0.0,0,0.0
6,state,IN,0.0,1,110936,1.0,1.0,0.0,0.0,0,0.0
6,state,Ia,0.0,1,72206,1.0,1.0,0.0,0.0,0,0.0
6,state,KS,1.0,4,346805,1.0,1.0,0.0,0.0,0,0.0
6,state,KY,0.0,4,142434,1.0,1.0,0.0,0.0,0,0.0
6,state,LA,0.0,1,82647,1.0,1.0,0.0,0.0,0,0.0
6,state,MA,1.0,1,82370,1.0,1.0,0.0,0.0,0,0.0
6,state,MD,1.0,4,154534,1.0,1.0,0.0,0.0,0,0.0
6,state,ME,0.0,2,171352,1.0,1.0,0.0,0.0,0,0.0
6,state,MH,0.0,4,327381,1.0,1.0,0.0,0.0,0,0.0
6,state,MI,0.0,3,318222,1.0,1.0,0.0,0.0,0,0.0
6,state,MN,0.0,1,97318,1.0,1.0,0.0,0.0,0,0.0
6,state,MO,0.0,2,179445,1.0,1.0,0.0,0.0,0,0.0
6,state,MP,0.0,4,335340,1.0,1.0,0.0,0.0,0,0.0
6,state,MS,0.0,1,84867,1.0,1.0,0.0,0.0,0,0.0
6,state,MT,0.0,2,161437,1.0,1.0,0.0,0.0,0,0.0
6,state,NC,0.0,1,72196,1.0,1.0,0.0,0.0,0,0.0
6,state,ND,0.0,4,345981,1.0,1.0,0.0,0.0,0,0.0
6,state,NE,0.0,5,377801,1.0,1.0,0.0,0.0,0,0.0
6,state,NH,0.0,5,390363,1.0,1.0,0.0,0.0,0,0.0
6,state,NJ,0.0,6,511427,1.0,1.0,0.0,0.0,0,0.0
6,state,NM,0.0,3,196230,1.0,1.0,0.0,0.0,0,0.0
6,state,NV,1.0,1,75073,1.0,1.0,0.0,0.0,0,0.0
6,state,NY,0.0,2,198809,1.0,1.0,0.0,0.0,0,0.0
6,state,OH,0.0,6,535803,1.0,1.0,0.0,0.0,0,0.0
6,state,OK,1.0,3,274928,1.0,1.0,0.0,0.0,0,0.0
6,state,OR,0.0,1,97349,1.0,1.0,0.0,0.0,0,0.0
6,state,PA,0.0,2,126805,1.0,1.0,0.0,0.0,0,0.0
6,state,PR,0.0,3,212276,1.0,1.0,0.0,0.0,0,0.0
6,state,PW,0.0,3,263616,1.0,1.0,0.0,0.0,0,0.0
6,state,RI,0.0,1,85975,1.0,1.0,0.0,0.0,0,0.0
6,state,SC,0.0,2,173608,1.0,1.0,0.0,0.0,0,0.0
6,state,SD,0.0,5,404857,1.0,1.0,0.0,0.0,0,0.0
6,state,Sc,0.0,1,83351,1.0,1.0,0.0,0.0,0,0.0
6,state,TN,0.0,6,665198,1.0,1.0,0.0,0.0,0,0.0
6,state,TX,0.0,6,485575,1.0,1.0,0.0,0.0,0,0.0
6,state,UT,0.0,10,872601,1.0,1.0,0.0,0.0,0,0.0
6,state,Unknown,0.0,6,445646,1.0,1.0,0.0,0.0,0,0.0
6,state,VA,0.0,3,246384,1.0,1.0,0.0,0.0,0,0.0
6,state,VI,0.0,4,352957,1.0,1.0,0.0,0.0,0,0.0
6,state,VT,0.0,3,267515,1.0,1.0,0.0,0.0,0,0.0
6,state,WA,0.0,5,439474,1.0,1.0,0.0,0.0,0,0.0
6,state,WI,1.0,6,515242,1.0,1.0,0.0,0.0,0,0.0
6,state,WV,0.0,7,553295,1.0,1.0,0.0,0.0,0,0.0
6,state,WY,0.0,6,457379,1.0,1.0,0.0,0.0,0,0.0
6,state,ca,0.0,1,99924,1.0,1.0,0.0,0.0,0,0.0
6,state,ga,0.0,1,86296,1.0,1.0,0.0,0.0,0,0.0
6,state,id,0.0,1,89325,1.0,1.0,0.0,0.0,0,0.0
6,state,mt,0.0,1,74216,1.0,1.0,0.0,0.0,0,0.0
6,state,ny,0.0,1,51857,1.0,1.0,0.0,0.0,0,0.0
6,state,or,0.0,1,112965,1.0,1.0,0.0,0.0,0,0.0
6,state,vi,0.0,1,56936,1.0,1.0,0.0,0.0,0,0.0
6,state,wa,0.0,1,99746,1.0,1.0,0.0,0.0,0,0.0
6,state,wv,0.0,1,76569,1.0,1.0,0.0,0.0,0,0.0
7,state,KY,0.0,1,71584,1.0,1.0,0.0,0.0,0,0.0
7,state,NH,0.0,2,156960,1.0,1.0,0.0,0.0,0,0.0
